category			species	species	healthy	healthy	sex	sex	age	age	age	age	age	age	age	age	age	weight	weight	weight	weight	weight	weight	weight	weight	weight	smoking	smoking	abstinence	abstinence	abstinence	abstinence	medication	medication	overnight fast	overnight fast	overnight fast	overnight fast	oral contraceptives	oral contraceptives	bmi	bmi	bmi	bmi	bmi	bmi	bmi	bmi	bmi	ethnicity	ethnicity	disease	disease	fasted	fasted	fasted	fasted	alcohol abstinence	alcohol abstinence	alcohol abstinence	alcohol abstinence	smoking amount (cigarettes)	smoking amount (cigarettes)	smoking amount (cigarettes)	smoking amount (cigarettes)	smoking amount (cigarettes)	smoking amount (cigarettes)	smoking amount (cigarettes)	smoking amount (cigarettes)	glucose	glucose	glucose	glucose	glucose	glucose	glucose	glucose	height	height	height	height	height	height	height	height	caffeine amount	caffeine amount	caffeine amount	caffeine amount	caffeine amount	caffeine amount	caffeine amount	caffeine amount	HbA1c	HbA1c	HbA1c	HbA1c	HbA1c	HbA1c	insulin	insulin	insulin	insulin	insulin	insulin	disease duration	disease duration	disease duration	disease duration	disease duration	disease duration	phenotype	phenotype	blood pressure	blood pressure	blood pressure	obesity index	obesity index	obesity index	obesity index	obesity index	obesity index	muscle weight	muscle weight	muscle weight	muscle weight	muscle weight	muscle weight	genetics	genetics	body surface area	body surface area	body surface area	body surface area	body surface area	body surface area	obese	obese	glucagon	glucagon	glucagon	glucagon	glucagon	glucagon	caffeine	caffeine	percent fat	percent fat	percent fat	percent fat	percent fat	percent fat	lean body mass	lean body mass	lean body mass	lean body mass	lean body mass	lean body mass	smoking duration (years)	smoking duration (years)	smoking duration (years)	smoking duration (years)	alcohol	alcohol	metabolic ratio	metabolic ratio	metabolic ratio	metabolic ratio	metabolic ratio	smoking amount (packyears)	smoking amount (packyears)	smoking amount (packyears)	medication type	medication type	caffeine amount (beverages)	caffeine amount (beverages)	caffeine amount (beverages)
			choice	count	choice	count	choice	count	count	cv	max	mean	median	min	sd	se	unit	count	cv	max	mean	median	min	sd	se	unit	choice	count	choice	count	min	unit	choice	count	choice	count	min	unit	choice	count	count	cv	max	mean	median	min	sd	se	unit	choice	count	choice	count	count	max	min	unit	choice	count	min	unit	count	cv	max	mean	min	sd	se	unit	count	cv	max	mean	min	sd	se	unit	count	cv	max	mean	min	sd	se	unit	count	cv	max	mean	min	sd	se	unit	count	max	mean	min	se	unit	count	cv	mean	sd	se	unit	count	cv	mean	sd	se	unit	choice	count	count	max	unit	count	max	mean	min	se	unit	count	cv	mean	sd	se	unit	choice	count	count	max	mean	min	se	unit	choice	count	count	cv	mean	sd	se	unit	choice	count	count	cv	mean	sd	se	unit	count	cv	mean	sd	se	unit	count	mean	min	unit	choice	count	count	max	mean	min	unit	count	min	unit	choice	count	count	max	unit
study	subject_pk	subject_name																																																																																																																																																																															
Abernethy1985	1	all	homo sapiens	18	Y	18	F	18	18		3.00e+01	2.60e+01		2.30e+01		1.00e+00	yr										N	18	caffeine	18	4.80e+01	h																																																																																																																																																	
Abernethy1985	2	OCS	homo sapiens	18	Y	18	F	18	18		3.00e+01	2.60e+01		2.30e+01		1.00e+00	yr	9			5.90e+01				2.00e+00	kg	N	18	caffeine	18	4.80e+01	h							Y	9										('african', 'caucasian')	(1, 8)																																																																																																																														
Abernethy1985	3	control	homo sapiens	18	Y	18	F	18	18		3.00e+01	2.60e+01		2.30e+01		1.00e+00	yr	9			5.80e+01				3.00e+00	kg	N	18	caffeine	18	4.80e+01	h	N	9					N	9										('african', 'caucasian')	(1, 8)																																																																																																																														
Akinyinka2000	4	all	homo sapiens	28																							N	28																						african	28																																																																																																																														
Akinyinka2000	5	control	homo sapiens	28	Y	10			10	2.37e-01	4.00e+01	3.21e+01		1.80e+01	7.60e+00	2.40e+00	yr	10	2.06e-01	8.20e+01	5.98e+01		3.80e+01	1.23e+01	3.89e+00	kg	N	28	kola nuts	10			N	10																african	28							Y	10																																																																																																																						
Akinyinka2000	6	malaria	homo sapiens	28	N	10			10	1.59e-01	2.00e+01	1.57e+01		1.20e+01	2.50e+00	7.91e-01	yr	10	3.29e-01	5.80e+01	4.53e+01		2.50e+01	1.49e+01	4.71e+00	kg	N	28																						african	28	plasmodium falciparum	10																																																																																																																												
Akinyinka2000	7	healthy subjects	homo sapiens	28	Y	10			10	2.37e-01	4.00e+01	3.21e+01		1.80e+01	7.60e+00	2.40e+00	yr	10	2.06e-01	8.20e+01	5.98e+01		3.80e+01	1.23e+01	3.89e+00	kg	N	28	kola nuts	10			N	10																african	28							Y	10																																																																																																																						
Ammon2002	104	all	homo sapiens	12	Y	12	M	12	12		4.20e+01		3.10e+01	2.60e+01			yr	12		9.50e+01		7.70e+01	6.30e+01			kg							N	12							12		2.84e+01		2.39e+01	1.99e+01			kg/m^2																																																															EM	12																CYP2D6 wild type	12																																															
Author2007	102	all	homo sapiens	30	Y	30	M	30																			N	30	grapefruit juice	30			N	30	Y	30			N	30																																																																																																																																									
Backman2008	9	all	homo sapiens	71	Y	71			71		3.10e+01			1.90e+01			yr	71		1.00e+02			5.20e+01			kg			('alcohol', 'caffeine', 'grapefruit juice')	(71, 71, 71)	('1.00e+00', '1.80e+01', '1.00e+00')	('day', 'h', 'week')	N	71																																																																																71	1.10e+02	mmHg																																																													
Backman2008	10	men	homo sapiens	71	Y	71	M	53	71		3.10e+01			1.90e+01			yr	71		1.00e+02			5.20e+01			kg			('grapefruit juice', 'caffeine', 'alcohol')	(71, 71, 71)	('1.00e+00', '1.80e+01', '1.00e+00')	('week', 'h', 'day')	N	71																																																																																71	1.10e+02	mmHg																																																													
Backman2008	11	female nonsmokers	homo sapiens	71	Y	71	F	11	11		2.60e+01	2.20e+01		1.90e+01			yr	11		8.50e+01	6.10e+01		5.20e+01			kg	N	11	('grapefruit juice', 'caffeine', 'alcohol')	(71, 71, 71)	('1.00e+00', '1.80e+01', '1.00e+00')	('week', 'h', 'day')	N	71					N	11	11		2.87e+01	2.15e+01		1.93e+01			kg/m^2																																																																	71	1.10e+02	mmHg																																																													
Backman2008	12	male nonsmokers	homo sapiens	71	Y	71	M	53	38		3.10e+01	2.30e+01		1.90e+01			yr	38		9.60e+01	7.80e+01		6.40e+01			kg	N	38	('grapefruit juice', 'caffeine', 'alcohol')	(71, 71, 71)	('1.00e+00', '1.80e+01', '1.00e+00')	('week', 'h', 'day')	N	71							38		2.87e+01	2.34e+01		1.97e+01			kg/m^2																																																																	71	1.10e+02	mmHg																																																													
Backman2008	13	male smokers	homo sapiens	71	Y	71	M	53	15		2.80e+01	2.40e+01		2.10e+01			yr	15		1.00e+02	8.50e+01		7.00e+01			kg	Y	15	('grapefruit juice', 'caffeine', 'alcohol')	(71, 71, 71)	('1.00e+00', '1.80e+01', '1.00e+00')	('week', 'h', 'day')	N	71							15		2.92e+01	2.56e+01		2.07e+01			kg/m^2													(1, 14)		(None, '2.00e+01')		('2.50e+01', '1.00e+01')			('1/day', '1/day')																																													71	1.10e+02	mmHg																																											15		1.00e+00	yr								15	5.00e-01	yr					
Balogh1992	217	all	homo sapiens	12	Y	12	M	12	12		3.90e+01			2.40e+01			yr	12	1.18e-01	1.00e+02	7.50e+01		6.50e+01	8.83e+00	2.55e+00	kg	N	12	methylxanthine	12			N	12					N	12																																																																																																																																									
Balogh1995	210	all	homo sapiens	20	Y	20	F	20	20		3.40e+01			2.00e+01			yr	20		7.50e+01			5.10e+01			kg	N	20	('caffeine', 'methylxanthine', 'alcohol')	(20, 20, 20)																																																																																																																																																			
Balogh1995	211	A	homo sapiens	20	Y	20	F	20	20		3.40e+01			2.00e+01			yr	20		7.50e+01			5.10e+01			kg	N	20	('alcohol', 'methylxanthine', 'caffeine')	(20, 20, 20)																																																																																																																																																			
Balogh1995	212	A_oc	homo sapiens	20	Y	20	F	20	20		3.40e+01			2.00e+01			yr	20		7.50e+01			5.10e+01			kg	N	20	('alcohol', 'methylxanthine', 'caffeine')	(20, 20, 20)									Y	10																																																																																																																																									
Balogh1995	213	A_no_oc	homo sapiens	20	Y	20	F	20	20		3.40e+01			2.00e+01			yr	20		7.50e+01			5.10e+01			kg	N	20	('alcohol', 'methylxanthine', 'caffeine')	(20, 20, 20)									N	10																																																																																																																																									
Balogh1995	214	B	homo sapiens	20	Y	20	F	20	20		3.40e+01			2.00e+01			yr	20		7.50e+01			5.10e+01			kg	N	20	('alcohol', 'methylxanthine', 'caffeine')	(20, 20, 20)																																																																																																																																																			
Balogh1995	215	B_oc	homo sapiens	20	Y	20	F	20	20		3.40e+01			2.00e+01			yr	20		7.50e+01			5.10e+01			kg	N	20	('alcohol', 'methylxanthine', 'caffeine')	(20, 20, 20)									Y	10																																																																																																																																									
Balogh1995	216	B_no_oc	homo sapiens	20	Y	20	F	20	20		3.40e+01			2.00e+01			yr	20		7.50e+01			5.10e+01			kg	N	20	('alcohol', 'methylxanthine', 'caffeine')	(20, 20, 20)									N	10																																																																																																																																									
Barnet1990	22	all	homo sapiens	6	Y	6	M	6																			Y	6	('alcohol', 'methylxanthine', 'caffeine')	(6, 6, 6)	('4.80e+01', '4.80e+01', '4.80e+01')	('h', 'h', 'h')	N	6																				6		1.00e+01	h					6		4.00e+01		1.00e+01			1/day																																																																																																												
Basu2009	123	all	homo sapiens	25																															Y	25																																																																																																																																													
Basu2009	124	control	homo sapiens	25	Y	11			11	7.49e-02		5.34e+01			4.00e+00	1.21e+00	yr	11	7.32e-02		8.20e+01			6.00e+00	1.81e+00	kg									Y	25					11	6.90e-02		2.90e+01			2.00e+00	6.03e-01	kg/m^2																																																																																																		11	7.89e-02	3.80e+01	3.00e+00	9.05e-01	kg/m^2	11	1.06e-01	4.70e+01	5.00e+00	1.51e+00	kg																			
Basu2009	125	t2dm	homo sapiens	25	N	14			14	5.24e-02		5.73e+01			3.00e+00	8.02e-01	yr	14	5.56e-02		9.00e+01			5.00e+00	1.34e+00	kg									Y	25					14	6.41e-02		3.12e+01			2.00e+00	5.35e-01	kg/m^2			diabetes melitus type 2	14																																																					14	1.85e-01	6.50e+00	1.20e+00	3.21e-01	yr																																				14	8.11e-02	3.70e+01	3.00e+00	8.02e-01	kg/m^2	14	5.56e-02	5.40e+01	3.00e+00	8.02e-01	kg																			
Begas2007	23	all	homo sapiens	44	Y	44																							methylxanthine	44	3.00e+01	h	N	44					N	44																																																																																																																																									
Begas2007	24	men	homo sapiens	44	Y	44	M	21	21		6.30e+01	3.13e+01		1.90e+01			yr												methylxanthine	44	3.00e+01	h	N	44					N	44																																																																																																																																									
Begas2007	25	nonsmokers	homo sapiens	44	Y	44																					N	21	methylxanthine	44	3.00e+01	h	N	44					N	44																																																																																																																																									
Begas2007	26	smokers	homo sapiens	44	Y	44																					Y	23	methylxanthine	44	3.00e+01	h	N	44					N	44																						23				1.00e+01			1/day																																																																																																												
Begas2007	27	men smokers	homo sapiens	44	Y	44	M	21	21		6.30e+01	3.13e+01		1.90e+01			yr										Y	11	methylxanthine	44	3.00e+01	h	N	44					N	44																						11				1.00e+01			1/day																																																																																																												
Begas2007	28	men nonsmokers	homo sapiens	44	Y	44	M	21	21		6.30e+01	3.13e+01		1.90e+01			yr										N	10	methylxanthine	44	3.00e+01	h	N	44					N	44																																																																																																																																									
Begas2007	29	women	homo sapiens	44	Y	44	F	23	23		5.20e+01	3.25e+01		1.90e+01			yr												methylxanthine	44	3.00e+01	h	N	44					N	44																																																																																																																																									
Begas2007	30	women smokers	homo sapiens	44	Y	44	F	23	23		5.20e+01	3.25e+01		1.90e+01			yr										Y	12	methylxanthine	44	3.00e+01	h	N	44					N	44																						12				1.00e+01			1/day																																																																																																												
Begas2007	31	women nonsmokers	homo sapiens	44	Y	44	F	23	23		5.20e+01	3.25e+01		1.90e+01			yr										N	11	methylxanthine	44	3.00e+01	h	N	44					N	44																																																																																																																																									
Benowitz1995	32	all	homo sapiens	12	Y	12	('F', 'M')	(6, 6)	12		5.90e+01	3.20e+01		1.90e+01			yr										N	12	('alcohol', 'caffeine')	(12, 12)	(None, '3.00e+00')	(None, 'day')	N	12					N	12																																														12	6.40e-01	1.17e+03	5.06e+02	6.80e+01	3.24e+02	9.35e+01	mg/day																																																				Y	12																															
Benowitz1995	33	2mg	homo sapiens	12	Y	12	('M', 'F')	(6, 6)	12		5.90e+01	3.20e+01		1.90e+01			yr										N	12	('caffeine', 'alcohol')	(12, 12)	('3.00e+00', None)	('day', None)	N	12					N	12																																														12	6.40e-01	1.17e+03	5.06e+02	6.80e+01	3.24e+02	9.35e+01	mg/day																																																				Y	12																															
Benowitz1995	34	4mg	homo sapiens	12	Y	12	('M', 'F')	(6, 6)	12		5.90e+01	3.20e+01		1.90e+01			yr										N	12	('caffeine', 'alcohol')	(12, 12)	('3.00e+00', None)	('day', None)	N	12					N	12																																														12	6.40e-01	1.17e+03	5.06e+02	6.80e+01	3.24e+02	9.35e+01	mg/day																																																				Y	12																															
Benowitz2003	35	all	homo sapiens	12	Y	12	M	12	12		4.70e+01			2.70e+01			yr										Y	12							Y	12																										12			2.80e+01				1/day																																																																																										12	2.20e+01		yr															
Bergman1991	126	all	homo sapiens	18	Y	18	('M', 'F')	(8, 10)																											Y	18																																																																																																																																													
Bergman1991	127	lean good tolerance	homo sapiens	18	Y	18	M	5																											Y	18																																																																																																					N	5																																							
Bergman1991	128	lean lower tolerance	homo sapiens	18	Y	18	M	3																											Y	18																																																																																																					N	3																																							
Bergman1991	129	obese good tolerance	homo sapiens	18	Y	18	F	3																											Y	18																																																																																																					Y	3																																							
Bergman1991	130	obese lower tolerance	homo sapiens	18	Y	18	F	7																											Y	18																																																																																																					Y	7																																							
Blanchard1983a	36	all	homo sapiens	10	Y	10	M	10	10		3.00e+01	2.18e+01		1.88e+01		1.10e+00	yr	10		1.06e+02	7.95e+01		6.40e+01		3.90e+00	kg	('Y', 'N')	(1, 9)	('alcohol', 'caffeine')	(10, 10)			N	10	Y	10														caucasian	10																																																																																																																														
Bonati1982	37	all	homo sapiens	4	Y	4	M	4	4		3.60e+01			2.60e+01			yr	4			7.00e+01					kg									Y	4																																																																																																																																													
Butler1991	131	all	homo sapiens	25																													N	25	Y	25																																																																																																																																													
Butler1991	132	control	homo sapiens	25	Y	9	('F', 'M')	(4, 5)	9			4.80e+01				3.00e+00	yr	9			9.20e+01				3.00e+00	kg							N	25	Y	25					9			3.20e+01				1.00e+00	kg/m^2																																																																																																																																
Butler1991	133	IGT	homo sapiens	25	N	6	('M', 'F')	(3, 3)	6			4.50e+01				3.00e+00	yr	6			9.00e+01				3.00e+00	kg							N	25	Y	25					6			3.10e+01				2.00e+00	kg/m^2			impaired glucose tolerance	6																																																																																																																												
Butler1991	134	T2DM	homo sapiens	25	N	10	('M', 'F')	(3, 7)	10			5.00e+01				3.00e+00	yr	10			8.80e+01				6.00e+00	kg							N	25	Y	25					10			3.20e+01				2.00e+00	kg/m^2			diabetes melitus type 2	10																																																																																																																												
Calbet2002	135	all	homo sapiens	6	Y	6			6			2.27e+01				9.00e-01	yr	6			7.32e+01				3.20e+00	kg									Y	6																																										6	5.66e-02		1.77e+00			4.10e-02	m																																																																																												
Campbell1987a	38	all	homo sapiens	15	Y	15	('M', 'F')	(2, 13)																																										caucasian	15																																																																																																																														
Campbell1987a	39	oc	homo sapiens	15	Y	15	F	5	5	1.53e-01	3.00e+01	2.64e+01		2.10e+01	4.03e+00	1.80e+00	yr	5	7.84e-02	6.40e+01	5.78e+01		5.70e+01	4.53e+00	2.03e+00	kg	N	5											Y	5										caucasian	15																																																																																																																														
Campbell1987a	40	nonsmoker	homo sapiens	15	Y	15	('M', 'F')	(1, 4)	5	3.56e-02	2.60e+01	2.50e+01		2.40e+01	8.90e-01	3.98e-01	yr	5	1.04e-01	7.50e+01	6.40e+01		5.40e+01	6.66e+00	2.98e+00	kg	N	5											N	5										caucasian	15																																																																																																																														
Campbell1987a	41	smoker	homo sapiens	15	Y	15	('M', 'F')	(2, 13)	5	2.62e-01	4.20e+01	3.04e+01		2.10e+01	7.96e+00	3.56e+00	yr	5	2.08e-02	5.90e+01	5.76e+01		5.60e+01	1.20e+00	5.37e-01	kg	Y	5											N	5										caucasian	15																																																																																																																														
Carbo1989	42	all	homo sapiens	6	Y	6	M	6																			Y	6	('alcohol', 'methylxanthine', 'caffeine')	(6, 6, 6)	('4.80e+01', '4.80e+01', '4.80e+01')	('h', 'h', 'h')	N	6																				6		1.00e+01	h					6		4.00e+01		1.00e+01			1/day																																																																																																												
Carrillo2000a	43	all	homo sapiens	23	Y	23																							methylxanthine	23	3.60e+01	h	N	23																																																																																																																																															
Carrillo2000a	44	males	homo sapiens	23	Y	23	M	12	12	2.79e-01	6.80e+01	4.41e+01		2.80e+01	1.23e+01	3.55e+00	yr	12	8.96e-02	9.50e+01	8.37e+01		7.40e+01	7.50e+00	2.17e+00	kg			methylxanthine	23	3.60e+01	h	N	23																																																																																																																																															
Carrillo2000a	45	females	homo sapiens	23	Y	23	F	11	11	2.41e-01	5.90e+01	4.27e+01		2.60e+01	1.03e+01	3.11e+00	yr	11	1.35e-01	7.60e+01	6.45e+01		4.50e+01	8.70e+00	2.62e+00	kg			methylxanthine	23	3.60e+01	h	N	23																																																																																																																																															
Carrillo2000a	46	males nonsmokers	homo sapiens	23	Y	23	M	12	12	2.79e-01	6.80e+01	4.41e+01		2.80e+01	1.23e+01	3.55e+00	yr	12	8.96e-02	9.50e+01	8.37e+01		7.40e+01	7.50e+00	2.17e+00	kg	N	8	methylxanthine	23	3.60e+01	h	N	23																																																																																																																																															
Carrillo2000a	47	males smokers	homo sapiens	23	Y	23	M	12	12	2.79e-01	6.80e+01	4.41e+01		2.80e+01	1.23e+01	3.55e+00	yr	12	8.96e-02	9.50e+01	8.37e+01		7.40e+01	7.50e+00	2.17e+00	kg	Y	4	methylxanthine	23	3.60e+01	h	N	23																												4	4.17e-01		1.20e+01		5.00e+00	2.50e+00	1/day																																																																																																												
Carrillo2000a	48	females nonsmokers	homo sapiens	23	Y	23	F	11	11	2.41e-01	5.90e+01	4.27e+01		2.60e+01	1.03e+01	3.11e+00	yr	11	1.35e-01	7.60e+01	6.45e+01		4.50e+01	8.70e+00	2.62e+00	kg	N	6	methylxanthine	23	3.60e+01	h	N	23					('Y', 'N')	(3, 3)																																																																																																																																									
Carrillo2000a	49	females smokers	homo sapiens	23	Y	23	F	11	11	2.41e-01	5.90e+01	4.27e+01		2.60e+01	1.03e+01	3.11e+00	yr	11	1.35e-01	7.60e+01	6.45e+01		4.50e+01	8.70e+00	2.62e+00	kg	Y	5	methylxanthine	23	3.60e+01	h	N	23					N	5																						5	3.33e-01		1.20e+01		4.00e+00	1.79e+00	1/day																																																																																																												
Chen1991	105	all	homo sapiens	8	Y	8	('F', 'M')	(1, 7)	8	1.90e-01	3.70e+01	2.73e+01		2.50e+01	5.20e+00	1.84e+00	yr	8	1.70e-01	8.30e+01	6.99e+01		4.80e+01	1.19e+01	4.21e+00	kg/m^2	Y	4	drug	8	2.00e+00	day			Y	8																						Y	8	2.00e+00	day																																																																																																																				
Chen1991	106	PM	homo sapiens	8	Y	8	('F', 'M')	(1, 7)	8	1.90e-01	3.70e+01	2.73e+01		2.50e+01	5.20e+00	1.84e+00	yr	8	1.70e-01	8.30e+01	6.99e+01		4.80e+01	1.19e+01	4.21e+00	kg/m^2	Y	4	drug	8	2.00e+00	day			Y	8																						Y	8	2.00e+00	day																																																			PM	2																																																				2		3.80e-01		-								
Chen1991	107	EM	homo sapiens	8	Y	8	('F', 'M')	(1, 7)	8	1.90e-01	3.70e+01	2.73e+01		2.50e+01	5.20e+00	1.84e+00	yr	8	1.70e-01	8.30e+01	6.99e+01		4.80e+01	1.19e+01	4.21e+00	kg/m^2	Y	4	drug	8	2.00e+00	day			Y	8																						Y	8	2.00e+00	day																																																			EM	6																																																				6	3.46e+03		1.60e+02	-								
Cheng1990	50	all	homo sapiens	26																																																																																																																																																																													
Cheng1990	51	control	homo sapiens	26	Y	13	('F', 'M')	(4, 9)	13		5.00e+01			2.00e+01			yr	13		8.50e+01			4.70e+01			kg	('Y', 'N')	(1, 12)																																																																																																																																																					
Cheng1990	52	cirrhosis	homo sapiens	26	N	13	('F', 'M')	(3, 10)	13	1.02e-01	7.50e+01	6.22e+01		5.30e+01	6.37e+00	1.77e+00	yr	13	1.68e-01	1.07e+02	7.48e+01		5.00e+01	1.26e+01	3.48e+00	kg	('Y', 'N')	(4, 9)																								cirrhosis	13																																																																																																																												
Culm-Merdek2005	53	all	homo sapiens	7	Y	7	('F', 'M')	(1, 6)	7			5.00e+01					yr	7			8.20e+01					kg	N	7	caffeine	7										7																																																																																																																																									
Degn2004	136	all	homo sapiens	12	Y	12	M	12	12	8.73e-02	3.20e+01	2.75e+01		2.40e+01	2.40e+00	6.93e-01	yr																N	12	Y	12					12	9.01e-02	2.90e+01	2.33e+01		2.12e+01	2.10e+00	6.06e-01	kg/m^2	caucasian	12			12		1.00e+01	h																																																																																																																								
Desmond1980	54	all	homo sapiens	33			M	33																															N	33																																																																																																																																									
Desmond1980	55	S1	homo sapiens	33	Y	15	M	33	15		7.10e+01			1.80e+01			yr										('Y', 'N')	(2, 3)											N	33																																																																																																																																									
Desmond1980	56	S2	homo sapiens	33	N	10	M	33	10		6.50e+01			4.20e+01			yr										('Y', 'N')	(4, 6)											N	33												cirrhosis	10																																																																																																																												
Desmond1980	57	S3	homo sapiens	33	N	8	M	33	8	1.21e-01	6.00e+01	4.96e+01		4.20e+01	6.00e+00	2.12e+00	yr	8	1.55e-01	8.40e+01	7.15e+01		4.80e+01	1.11e+01	3.92e+00	kg	Mixed	8											N	33												cirrhosis	8																																																																																																																												
Felig1969	137	all	homo sapiens	20	Y	20																													Y	20																		20	1.40e+01	1.00e+01	h																																																																																																																								
Felig1969	138	nonobese	homo sapiens	20	Y	20	('M', 'F')	(5, 5)	10		4.50e+01	3.10e+01		1.70e+01			yr	10		1.12e+02	7.85e+01		6.70e+01			kg									Y	20																		20	1.40e+01	1.00e+01	h																																																												10	1.14e+02	1.04e+02	9.20e+01		%																																																							
Felig1969	139	obese	homo sapiens	20	Y	20	('M', 'F')	(5, 5)	10		5.20e+01	3.20e+01		1.60e+01			yr	10		2.38e+02	1.41e+02		9.70e+01			kg									Y	20																		20	1.40e+01	1.00e+01	h																																																												10	2.50e+02	1.80e+02	1.45e+02		%																																																							
Ferrannini1979	140	all	homo sapiens	17	Y	17	('M', 'F')	(3, 14)	17		5.70e+01	2.50e+01		1.60e+01		3.00e+00	yr	17		7.80e+01	5.80e+01		4.10e+01		3.00e+00	kg							N	17	Y	17																																										17	5.09e-02	1.74e+00	1.62e+00	1.47e+00		2.00e-02	m																																														17	1.90e+00	1.60e+00	1.30e+00	4.00e-02	m^2																																									
Ferrannini1988	141	all	homo sapiens	22																													N	22	Y	22																		22		1.20e+01	h																																																																																																																								
Ferrannini1988	142	control	homo sapiens	22	Y	10	('F', 'M')	(3, 7)	10			6.60e+01				3.00e+00	yr	10			6.80e+01				4.00e+00	kg							N	22	Y	22																		22		1.20e+01	h													10			9.30e+01			2.00e+00	mg/dl																							10		1.20e+01		1.00e+00	mg/dl												10		1.00e+02		4.00e+00	%																																																							
Ferrannini1988	143	t2dm	homo sapiens	22	N	12	('F', 'M')	(4, 8)	12			5.90e+01				2.00e+00	yr	12			7.10e+01				3.00e+00	kg							N	22	Y	22																diabetes melitus type 2	12	22		1.20e+01	h													12			1.89e+02			1.90e+01	mg/dl																							12		2.30e+01		4.00e+00	ÂµU/ml												12		1.04e+02		4.00e+00	%																																																							
Fery1993	144	all	homo sapiens	30																															Y	30																		30		1.40e+01	h																																																																																																																								
Fery1993	145	control	homo sapiens	30	Y	11	('M', 'F')	(5, 6)	11			4.70e+01				4.00e+00	yr	11			8.29e+01				4.40e+00	kg									Y	30					11			2.98e+01				1.30e+00	kg/m^2					30		1.40e+01	h																					11	3.97e-02		1.67e+00			2.00e-02	m																																														11		1.91e+00		5.00e-02	m^2																																									
Fery1993	146	t2dm	homo sapiens	30																															Y	30																		30		1.40e+01	h																																																																																																																								
Fery1993	147	mild_t2dm	homo sapiens	30	N	7	('F', 'M')	(2, 5)	7			4.10e+01				5.00e+00	yr	7			8.56e+01				8.10e+00	kg									Y	30					7			3.04e+01				2.50e+00	kg/m^2			diabetes melitus type 2	7	30		1.40e+01	h																					7	3.17e-02		1.67e+00			2.00e-02	m									7		5.90e+00		5.00e-01	%							7		4.00e+00		1.00e+00	yr																				7		1.94e+00		9.00e-02	m^2																																									
Fery1993	148	severe_t2dm	homo sapiens	30	N	12	('F', 'M')	(3, 9)	12			5.30e+01				2.00e+00	yr	12			7.97e+01				3.30e+00	kg									Y	30					12			2.76e+01				1.10e+00	kg/m^2			diabetes melitus type 2	12	30		1.40e+01	h																					12	6.11e-02		1.70e+00			3.00e-02	m									12		7.80e+00		3.00e-01	%							12		7.00e+00		2.00e+00	yr																				12		1.91e+00		5.00e-02	m^2																																									
Firth1986	149	all	homo sapiens	20																													N	20	Y	20																		20		1.20e+01	h																																																																																																																								
Firth1986	150	control	homo sapiens	20	Y	7	('M', 'F')	(1, 6)	7			5.10e+01				4.00e+00	yr	7			8.90e+01				8.00e+00	kg							N	20	Y	20					7			3.21e+01				2.00e+00	kg/m^2					20		1.20e+01	h													7			9.80e+01			2.00e+00	mg/dl																	7		4.80e+00		2.00e-01	%																																																																														
Firth1986	151	t2dm	homo sapiens	20	N	13	('M', 'F')	(4, 9)	13			5.60e+01				3.00e+00	yr	13			8.40e+01				4.00e+00	kg							N	20	Y	20					13			3.13e+01				1.70e+00	kg/m^2			diabetes melitus type 2	13	20		1.20e+01	h													13			1.87e+02			1.10e+01	mg/dl																	13		9.80e+00		6.00e-01	%																																																																														
Fuhr1993a	58	all	homo sapiens	12	Y	12	('M', 'F')	(4, 8)	12	3.77e-01	5.60e+01	3.37e+01		2.10e+01	1.27e+01	3.67e+00	yr	12	2.24e-01	9.80e+01	6.80e+01		3.90e+01	1.52e+01	4.39e+00	kg	('Y', 'N')	(6, 6)	methylxanthine	12	1.20e+01	h							('Y', 'N')	(3, 5)																																						12	5.40e-02	1.90e+00	1.71e+00	1.58e+00	9.23e-02	2.66e-02	m																																																																																												
Fuhr1993a	59	smokers	homo sapiens	12	Y	12	('M', 'F')	(2, 4)	6	4.08e-01	5.60e+01	3.45e+01		2.10e+01	1.41e+01	5.74e+00	yr	6	2.16e-01	8.00e+01	6.75e+01		3.90e+01	1.46e+01	5.96e+00	kg	Y	6	methylxanthine	12	1.20e+01	h							('Y', 'N')	(2, 2)																																						6	4.01e-02	1.75e+00	1.68e+00	1.58e+00	6.75e-02	2.76e-02	m																																																																																												
Fuhr1993a	60	nonsmokers	homo sapiens	12	Y	12	('M', 'F')	(2, 4)	6	3.39e-01	5.60e+01	3.28e+01		2.20e+01	1.11e+01	4.54e+00	yr	6	2.29e-01	9.80e+01	6.85e+01		5.50e+01	1.57e+01	6.41e+00	kg	N	6	methylxanthine	12	1.20e+01	h							('Y', 'N')	(1, 3)																																						6	6.11e-02	1.90e+00	1.73e+00	1.62e+00	1.06e-01	4.32e-02	m																																																																																												
Ghassabian2009	61	all	homo sapiens	11	Y	11	('F', 'M')	(2, 9)	11	3.54e-01	6.60e+01	4.11e+01		2.20e+01	1.46e+01	4.39e+00	yr												caffeine	11	4.80e+01	h																				schizophrenia	11																																																																																																																								clozapine	11			
Granfors2005	62	all	homo sapiens	30	Y	30	F	30																			N	30																							30																																																																																																																														
Granfors2005	63	control	homo sapiens	30	Y	30	F	30	15	9.09e-02	2.60e+01	2.20e+01		1.90e+01	2.00e+00	5.16e-01	yr	15	1.61e-01	7.40e+01	6.20e+01		5.20e+01	1.00e+01	2.58e+00	kg	N	30											N	15											30																																																																																																																														
Granfors2005	64	oc	homo sapiens	30	Y	30	F	30	15	9.09e-02	2.50e+01	2.20e+01		1.80e+01	2.00e+00	5.16e-01	yr	15	1.05e-01	6.30e+01	5.70e+01		4.80e+01	6.00e+00	1.55e+00	kg	N	30											Y	15											30																																																																																																																														
Haller2002	65	all	homo sapiens	8	Y	8	('M', 'F')	(3, 5)	8		3.80e+01			2.50e+01			yr	8	1.79e-01	8.89e+01	6.85e+01		5.20e+01	1.22e+01	4.33e+00	kg	N	8											('Y', 'N')	(2, 6)	8		3.00e+01						kg/m^2																																																																																																																														8	4.00e+00	1/day
Harder1988	218	S1	homo sapiens	12	Y	12	M	12	12		4.00e+01			2.00e+01			yr	12	1.18e-01	1.00e+02	7.50e+01		6.50e+01	8.83e+00	2.55e+00	kg	N	12	methylxanthine	12			N	12					N	12																																																																																																																																									
Harder1989	219	S1	homo sapiens	12	Y	12	M	12	12		4.00e+01			2.00e+01			yr	12	1.18e-01	1.00e+02	7.50e+01		6.50e+01	8.83e+00	2.55e+00	kg	N	12	methylxanthine	12			N	12					N	12																																																																																																																																									
He2008	108	all	homo sapiens	23	Y	23			23		6.50e+01			1.80e+01			yr																								23		3.00e+01			2.00e+01			yr	caucasian	23																																																																																																																														
He2008	109	UM	homo sapiens	23	Y	23			23		6.50e+01			1.80e+01			yr																								23		3.00e+01			2.00e+01			yr	caucasian	23																																																													UM	11																																																																
He2008	110	EM	homo sapiens	23	Y	23			23		6.50e+01			1.80e+01			yr																								23		3.00e+01			2.00e+01			yr	caucasian	23																																																													EM	12																																																																
Healy1989	68	all	homo sapiens	10	Y	10	M	10	10	5.99e-02		2.67e+01			1.60e+00	5.06e-01	yr	10	1.13e-01		7.63e+01			8.60e+00	2.72e+00	kg	N	10												10											10																																																																																																																														
Healy1991	69	all	homo sapiens	16	Y	16	M	16	16	1.14e-01		2.71e+01			3.10e+00	7.75e-01	yr	16	8.87e-02		7.67e+01			6.80e+00	1.70e+00	kg	N	16	methylxanthine	16			N	16	Y	16															16																																																																																																																N	16													
Henkel2005	152	all	homo sapiens	64			M	64																			N	64																																																																																																																																																					
Henkel2005	153	control	homo sapiens	64	Y	27	M	64																			N	64																																																																																																																																																					
Henkel2005	154	igt	homo sapiens	64	N	15	M	64																			N	64																								impaired glucose tolerance	15																																																																																																																												
Henkel2005	155	t2dm	homo sapiens	64	N	24	M	64																			N	64																								diabetes melitus type 2	24																																																																																																																												
Hetzler1990	70	all	homo sapiens	10	Y	10	M	10	10	2.22e-01		2.79e+01			6.20e+00	1.96e+00	yr	10	1.81e-01		8.51e+01			1.54e+01	4.87e+00	kg			caffeine	10	4.80e+01	h			Y	10	1.20e+01	h																																								10	2.52e-02		1.79e+00		4.50e-02	1.42e-02	m																																																														10	4.66e-01	2.04e+01	9.50e+00	3.00e+00	%	10	1.20e-01	6.67e+01	8.00e+00	2.53e+00	kg																			
Hovorka2002	156	all	homo sapiens	6	Y	6	M	6	6			3.30e+01				3.00e+00	yr																N	6	Y	6					6			2.27e+01				6.00e-01	kg/m^2																																																																																																																																
Israelian2006	157	all	homo sapiens	37																													N	37																																																																																																																																															
Israelian2006	158	t2dm	homo sapiens	37	N	14	('F', 'M')	(4, 10)	14			4.80e+01				1.30e+00	yr	14			9.17e+01				4.50e+00	kg							N	37							14			3.14e+01				1.40e+00	kg			diabetes melitus type 2	14																																									14		7.40e+00		4.00e-01	%							14		5.30e+00		1.30e+00	yr																																																																		
Israelian2006	159	control	homo sapiens	37	Y	23	('F', 'M')	(9, 14)	23			4.55e+01				1.50e+00	yr	23			9.00e+01				2.80e+00	kg							N	37							23			3.14e+01				1.20e+00	kg																																																																																																																																
Jeppesen1996	71	all	homo sapiens	8	Y	8	M	8																			N	8	alcohol	8			N	8																																																																																																																																															
Joeres1988	72	all	homo sapiens	71																																																																																																																																																																													
Joeres1988	73	healthy smokers	homo sapiens	71	Y	7	M	7	7		4.50e+01			2.50e+01			yr										Y	7					N	7																												7		2.50e+01		1.00e+01			1/day																																																																																																												
Joeres1988	74	healthy smokers 2	homo sapiens	71	Y	8																					Y	8																																																																																																																																																					
Joeres1988	75	healthy nonsmokers	homo sapiens	71	Y	15																					N	15																																																																																																																																																					
Joeres1988	76	cirrhosis smokers	homo sapiens	71	N	18	('F', 'M')	(5, 13)	18	1.96e-01	6.50e+01	4.60e+01		3.00e+01	9.00e+00	2.12e+00	yr	18	1.97e-01	9.40e+01	7.10e+01		5.10e+01	1.40e+01	3.30e+00	kg	Y	18																								alcoholic liver cirrhosis	18																																																																																																																												
Joeres1988	77	cirrhosis nonsmokers	homo sapiens	71	N	30	('F', 'M')	(9, 21)	30	1.18e-01	6.60e+01	5.10e+01		4.00e+01	6.00e+00	1.10e+00	yr	30	1.87e-01	1.00e+02	7.50e+01		4.80e+01	1.40e+01	2.56e+00	kg	N	30																								alcoholic liver cirrhosis	30																																																																																																																												
Jones1998	160	all	homo sapiens	18																																																																																																																																																																													
Jones1998	161	t1dm	homo sapiens	18	N	8	('M', 'F')	(4, 4)	8	6.67e-02		1.50e+01			1.00e+00	3.54e-01	yr																																			diabetes melitus type 1	8																																																					8	2.50e-01	4.00e+00	1.00e+00	3.54e-01	yr																																																																		
Jones1998	162	normal	homo sapiens	18			('F', 'M')	(2, 4)	6	7.14e-02		1.40e+01			1.00e+00	4.08e-01	yr																																																																																																																																																																
Kaplan1997	78	all	homo sapiens	12	Y	12	('M', 'F')	(5, 7)	12	2.29e-01	4.10e+01	2.88e+01		2.20e+01	6.60e+00	1.91e+00	yr	12	1.60e-01	8.64e+01	6.68e+01		5.44e+01	1.07e+01	3.09e+00	kg	('Y', 'N')	(2, 10)	caffeine	12	2.40e+01	h								12											12											12		2.00e+01		1.00e+01			1/day																																																																												('N', 'Y')	(2, 10)																		12													
Kirchner2007	111	all	homo sapiens	26	Y	26	M	26	26		6.50e+01			1.80e+01			yr												('grapefruit juice', 'medication')	(26, 26)	('3.00e+00', '3.00e+00')	('week', 'day')			Y	26					26		3.00e+01			2.00e+01			kg/m^2	caucasian	26							Y	26	3.00e+00	day																																																																																																																				
Kirchner2007	112	PM	homo sapiens	26	Y	26	M	26	26		6.50e+01			1.80e+01			yr												('medication', 'grapefruit juice')	(26, 26)	('3.00e+00', '3.00e+00')	('day', 'week')			Y	26					26		3.00e+01			2.00e+01			kg/m^2	caucasian	26							Y	26	3.00e+00	day																																																																				CYP2D6 poor metabolizer	3																																															
Kirchner2007	113	EM	homo sapiens	26	Y	26	M	26	26		6.50e+01			1.80e+01			yr												('medication', 'grapefruit juice')	(26, 26)	('3.00e+00', '3.00e+00')	('day', 'week')			Y	26					26		3.00e+01			2.00e+01			kg/m^2	caucasian	26							Y	26	3.00e+00	day																																																																				CYP2D6 wild type	11																																															
Kirchner2007	114	UM	homo sapiens	26	Y	26	M	26	26		6.50e+01			1.80e+01			yr												('medication', 'grapefruit juice')	(26, 26)	('3.00e+00', '3.00e+00')	('day', 'week')			Y	26					26		3.00e+01			2.00e+01			kg/m^2	caucasian	26							Y	26	3.00e+00	day																																																																				CYP2D6 duplication	12																																															
Knop2007	163	all	homo sapiens	20																													N	20																																																																																																																																															
Knop2007	164	t2dm	homo sapiens	20	N	10	('F', 'M')	(2, 8)	10		8.00e+01	6.20e+01		5.10e+01			yr																N	20							10		2.60e+01	2.33e+01		2.11e+01			kg/m^2			diabetes melitus type 2	10																	10		1.22e+01	8.60e+00	6.20e+00			mmol/l																	10	8.70e+00	6.90e+00	6.20e+00		%							10		5.10e+00		1.40e+00	yr																																																																		
Knop2007	165	control	homo sapiens	20	Y	10	('F', 'M')	(2, 8)	10		6.90e+01	5.80e+01		4.40e+01			yr																N	20							10		2.50e+01	2.31e+01		2.00e+01			kg/m^2																					10		6.00e+00	5.40e+00	4.90e+00			mmol/l																	10	5.80e+00	5.50e+00	5.10e+00		%																																																																														
Kronstrand2001	115	all	homo sapiens	9	Y	9	('M', 'F')	(3, 6)										9			6.30e+01					kg									Y	9					9		3.00e+01			2.00e+01			yr	caucasian	9																																																													EM	9																																																																
Lafolie1996	116	all	homo sapiens	13	Y	13																													Y	13																																																																																																																																													
Lia2009	117	all	homo sapiens	20	Y	20	M	20																																										asian	20																																																																																																																														
Loetsch2006	118	all	homo sapiens	11	Y	11																							drug	11	4.00e+00	week			Y	11														caucasian	11																																																																																																																														
Magnusson2008	79	all	homo sapiens	7	Y	7																					N	7	('caffeine', 'grapefruit juice', 'alcohol')	(7, 7, 7)			N	7																caucasian	7																																																																																																																														
Mitchell1991	119	all	homo sapiens	4	Y	4	M	4	4		3.60e+01			2.60e+01			yr	4		7.67e+01			5.37e+01			kg			morphine	4	3.00e+00	day																																																																																																																																																	
Mitrakou1991	166	all	homo sapiens	10	Y	10	('F', 'M')	(3, 7)	10			2.80e+01				2.00e+00	yr																		Y	10					10			2.40e+01				1.00e+00	kg/m^2																																																																																																																																
Mitrakou1992	167	all	homo sapiens	31	Y	31																													Y	31																		31	1.40e+01	1.20e+01	h																																																																																																																								
Mitrakou1992	168	nonobese normal	homo sapiens	31	Y	31	('F', 'M')	(4, 5)	9	1.28e-01		4.70e+01			6.00e+00	2.00e+00	yr	9	1.62e-01		7.40e+01			1.20e+01	4.00e+00	kg									Y	31					9	8.64e-02		2.43e+01			2.10e+00	7.00e-01	kg					31	1.40e+01	1.20e+01	h													9	1.15e-01		5.20e+00		6.00e-01	2.00e-01	mmol/l																							9	1.84e-01	4.90e+01	9.00e+00	3.00e+00	pmol/l																		9	2.16e-01	2.78e+04	6.00e+03	2.00e+03	g											9	2.14e-01	4.20e+01	9.00e+00	3.00e+00	pmol/l																																	
Mitrakou1992	169	nonobese igt	homo sapiens	31	Y	31	('F', 'M')	(1, 7)	8	2.04e-02		4.90e+01			1.00e+00	3.54e-01	yr	8	8.22e-02		7.30e+01			6.00e+00	2.12e+00	kg									Y	31					8	7.05e-02		2.41e+01			1.70e+00	6.01e-01	kg					31	1.40e+01	1.20e+01	h													8	9.68e-02		6.20e+00		6.00e-01	2.12e-01	mmol/l																							8	3.07e-01	7.50e+01	2.30e+01	8.13e+00	pmol/l																		8	1.74e-01	2.93e+04	5.10e+03	1.80e+03	g											8	3.26e-01	4.30e+01	1.40e+01	4.95e+00	pmol/l																																	
Mitrakou1992	170	obese normal	homo sapiens	31	Y	31	('M', 'F')	(3, 4)	7	2.13e-02		4.70e+01			1.00e+00	3.78e-01	yr	7	9.52e-02		8.40e+01			8.00e+00	3.02e+00	kg									Y	31					7	8.78e-02		2.96e+01			2.60e+00	9.83e-01	kg					31	1.40e+01	1.20e+01	h													7	9.62e-02		5.20e+00		5.00e-01	1.89e-01	mmol/l																							7	2.54e-01	7.10e+01	1.80e+01	6.80e+00	pmol/l																		7	1.49e-01	3.15e+04	4.70e+03	1.78e+03	g											7	2.34e-01	4.70e+01	1.10e+01	4.16e+00	pmol/l																																	
Mitrakou1992	171	obese igt	homo sapiens	31	Y	31	('M', 'F')	(2, 5)	7	1.45e-01		5.50e+01			8.00e+00	3.02e+00	yr	7	9.52e-02		8.40e+01			8.00e+00	3.02e+00	kg									Y	31					7	1.09e-01		3.12e+01			3.40e+00	1.29e+00	kg					31	1.40e+01	1.20e+01	h													7	8.20e-02		6.10e+00		5.00e-01	1.89e-01	mmol/l																							7	2.46e-01	1.26e+02	3.10e+01	1.17e+01	pmol/l																		7	1.14e-01	2.98e+04	3.40e+03	1.29e+03	g											7	2.50e-01	4.40e+01	1.10e+01	4.16e+00	pmol/l																																	
Mohammed1993	120	all	homo sapiens	10																															Y	10																																																																																																																																													
Mohammed1993	121	sickle cell	homo sapiens	10	N	5			5	1.30e-01	2.50e+01	2.30e+01		1.80e+01	3.00e+00	1.34e+00	yr	5	2.58e-01	8.80e+01	6.60e+01		4.80e+01	1.70e+01	7.60e+00	kg									Y	10																																																																																																																																													
Mohammed1993	122	healthy	homo sapiens	10	Y	5			5	4.35e-02	2.40e+01	2.30e+01		2.20e+01	1.00e+00	4.47e-01	yr	5	1.47e-01	8.80e+01	7.50e+01		5.80e+01	1.10e+01	4.92e+00	kg									Y	10																																																																																																																																													
Oh2012	80	all	homo sapiens	13	Y	13																							caffeine	13	7.20e+01	h																																																																																																																																																	
Parsons1978	81	all	homo sapiens	26	Y	26			26		4.50e+01	2.60e+01		2.00e+01			yr												caffeine	26	2.40e+01	h	N	26																																																																																																																																															
Parsons1978	82	nonsmokers	homo sapiens	26	Y	26	('M', 'F')	(4, 9)	26		4.50e+01	2.60e+01		2.00e+01			yr										N	13	caffeine	26	2.40e+01	h	N	26					('Y', 'N')	(3, 6)																																														13			1.50e+02				mg/day																																																																																				
Parsons1978	83	smokers	homo sapiens	26	Y	26	('M', 'F')	(4, 9)	26		4.50e+01	2.60e+01		2.00e+01			yr										Y	13	caffeine	26	2.40e+01	h	N	26					('Y', 'N')	(3, 6)																						13				2.00e+01			1/day																	13			3.20e+02				mg/day																																																																		13		2.00e+00	yr															
Patwardhan1980	84	all	homo sapiens	31	Y	31																					N	31	('caffeine', 'alcohol')	(31, 31)	('2.00e+00', '2.00e+00')	('day', 'week')	N	31	Y	31																						Y	31																																																																																																																						
Patwardhan1980	85	males	homo sapiens	31	Y	31	M	13	13		7.10e+01			1.80e+01			yr	13	1.52e-01		8.00e+01			1.22e+01	3.38e+00	kg	N	31	('alcohol', 'caffeine')	(31, 31)	('2.00e+00', '2.00e+00')	('week', 'day')	N	31	Y	31			N	13																		Y	31																																																																																																																						
Patwardhan1980	86	no oc	homo sapiens	31	Y	31	F	9	9		3.30e+01			2.20e+01			yr	9	1.02e-01		5.80e+01			5.90e+00	1.97e+00	kg	N	31	('alcohol', 'caffeine')	(31, 31)	('2.00e+00', '2.00e+00')	('week', 'day')	N	31	Y	31			N	9																		Y	31																																																																																																																						
Patwardhan1980	87	oc	homo sapiens	31	Y	31	F	9	9		3.30e+01			2.20e+01			yr	9	1.64e-01		5.84e+01			9.60e+00	3.20e+00	kg	N	31	('alcohol', 'caffeine')	(31, 31)	('2.00e+00', '2.00e+00')	('week', 'day')	N	31	Y	31			Y	9																		Y	31																																																																																																																						
Perera2011	88	all	homo sapiens	30	Y	30	M	30	30		5.00e+01			1.80e+01			yr										N	30	smoking	30	2.00e+00	yr	N	30																																																																																																																																															
Perera2011	89	no abstinence	homo sapiens	30	Y	30	M	30	30		5.00e+01			1.80e+01			yr										N	30	smoking	30	2.00e+00	yr	N	30																																																																																																																																															
Perera2011	90	24h abstinence	homo sapiens	30	Y	30	M	30	30		5.00e+01			1.80e+01			yr										N	30	caffeine	30	2.40e+01	h	N	30																																																																																																																																															
Renner1984	91	all	homo sapiens	36																																																																																																																																																																													
Renner1984	92	control	homo sapiens	36	Y	10	M	10	10	2.89e-01	5.60e+01	3.80e+01		2.70e+01	1.10e+01	3.48e+00	yr	10	1.35e-01	8.60e+01	7.40e+01		5.80e+01	1.00e+01	3.16e+00	kg	('N', 'Y')	(4, 6)											N	10																																																																																																																																									
Renner1984	93	cirrhosis	homo sapiens	36	N	8	('F', 'M')	(2, 6)	8	1.82e-01	6.60e+01	5.50e+01		3.40e+01	1.00e+01	3.54e+00	yr	8	2.73e-01	1.00e+02	6.60e+01		4.10e+01	1.80e+01	6.36e+00	kg	('Y', 'N')	(3, 4)												8												cirrhotic liver disease	8																																																																																																																												
Renner1984	94	pbc	homo sapiens	36	N	7	F	7	7	2.32e-01	7.30e+01	5.60e+01		4.20e+01	1.30e+01	4.91e+00	yr	7	1.40e-01	6.80e+01	5.70e+01		4.90e+01	8.00e+00	3.02e+00	kg	N	7												7												PBC	7																																																																																																																												
Renner1984	95	misc liver disease	homo sapiens	36	N	11	('F', 'M')	(2, 9)	11	2.31e-01	7.10e+01	5.20e+01		2.40e+01	1.20e+01	3.62e+00	yr	11	2.35e-01	1.18e+02	8.10e+01		5.50e+01	1.90e+01	5.73e+00	kg	('Y', 'N')	(2, 4)												11												miscellaneous liver disease	11																																																																																																																												
Seng2009	96	all	homo sapiens	59	Y	59	M	59																																59										asian	59							N	59																																																																																																																						
Seng2009	97	S_NCNS	homo sapiens	59	Y	59	M	59	14	9.52e-02		2.10e+01			2.00e+00	5.35e-01	yr	14	1.45e-01		6.20e+01			9.00e+00	2.41e+00	kg	N	14												59										asian	59							N	59																											14				2.00e+02			mg/day																																																																																				
Seng2009	98	S_CNS	homo sapiens	59	Y	59	M	59	15	1.67e-01		2.40e+01			4.00e+00	1.03e+00	yr	15	1.74e-01		6.90e+01			1.20e+01	3.10e+00	kg	N	15												59										asian	59							N	59																											15		2.00e+02					mg/day																																																																																				
Seng2009	99	S_CS	homo sapiens	59	Y	59	M	59	30	2.17e-01		2.30e+01			5.00e+00	9.13e-01	yr	30	2.68e-01		7.10e+01			1.90e+01	3.47e+00	kg	Y	30												59										asian	59							N	59			30		1.40e+01	1.00e+01	6.00e+00			1/day																	30		2.00e+02					mg/day																																																																																				
Spigset1999a	100	all	homo sapiens	12	Y	12	M	12	12	9.75e-02		2.36e+01			2.30e+00	6.64e-01	yr	12	1.08e-01		7.42e+01			8.00e+00	2.31e+00	kg	N	12					N	12	Y	12																																																																																																																																													
Test243	101	all	homo sapiens	102	Y	102																																																																																																																																																																											
Thomaseth2008	172	all	homo sapiens	22																															Y	22																																																																																																																																													
Thomaseth2008	173	control	homo sapiens	22	Y	10	('M', 'F')	(5, 5)	10			3.96e+01				3.70e+00	yr	10			9.01e+01				3.90e+00	kg									Y	22					10			3.11e+01				9.00e-01	kg/m^2																																																																																																																																
Thomaseth2008	174	t2dm	homo sapiens	22	N	12	('F', 'M')	(5, 7)	12			5.36e+01				2.50e+00	yr	12			8.19e+01				3.60e+00	kg									Y	22					12			3.05e+01				1.10e+00	kg/m^2			diabetes melitus type 2	12																																																																																																																												
ZylberKatz1984	103	all	homo sapiens	12	Y	12	('F', 'M')	(5, 7)	12		4.70e+01			2.20e+01			yr										N	12	caffeine	12	1.60e+01	h	N	12					N	12																																																																																																																																									
